GROUP,PACKAGE,CLASS,INSTRUCTION_MISSED,INSTRUCTION_COVERED,BRANCH_MISSED,BRANCH_COVERED,LINE_MISSED,LINE_COVERED,COMPLEXITY_MISSED,COMPLEXITY_COVERED,METHOD_MISSED,METHOD_COVERED
backend,com.datashare.backend.service,FileService,91,896,54,124,25,254,54,60,2,23
backend,com.datashare.backend.service,ExpiredFileCleanupService,14,78,0,4,7,33,0,5,0,3
backend,com.datashare.backend.service,AuthService,0,87,0,4,0,25,0,6,0,4
backend,com.datashare.backend.entity,User,3,25,0,0,1,11,1,6,1,6
backend,com.datashare.backend.entity,StoredFile,3,61,0,0,1,23,1,12,1,12
backend,com.datashare.backend.security,JwtService,3,59,0,0,2,26,0,5,0,5
backend,com.datashare.backend.security,SecurityConfig,0,108,0,0,0,30,0,7,0,7
backend,com.datashare.backend.security,RateLimitFilter.WindowCounter,0,9,0,0,0,1,0,1,0,1
backend,com.datashare.backend.security,JwtAuthenticationFilter,0,45,2,4,0,16,2,3,0,2
backend,com.datashare.backend.security,RateLimitFilter,24,227,8,34,4,59,8,22,1,8
backend,com.datashare.backend,BackendApplication,5,3,0,0,2,1,1,1,1,1
backend,com.datashare.backend.dto,AuthResponse,0,9,0,0,0,4,0,2,0,2
backend,com.datashare.backend.dto,RegisterRequest,0,17,0,0,0,7,0,5,0,5
backend,com.datashare.backend.dto,FileHistoryPageResponse,0,35,0,0,0,13,0,6,0,6
backend,com.datashare.backend.dto,DownloadInfoResponse,0,33,0,0,0,12,0,6,0,6
backend,com.datashare.backend.dto,UploadResponse,0,33,0,0,0,12,0,6,0,6
backend,com.datashare.backend.dto,FileHistoryResponse,18,33,0,0,6,12,6,3,6,3
backend,com.datashare.backend.dto,LoginRequest,0,17,0,0,0,7,0,5,0,5
backend,com.datashare.backend.controller,AuthController,0,27,0,0,0,10,0,3,0,3
backend,com.datashare.backend.controller,DownloadController,2,95,3,5,1,40,3,5,0,4
backend,com.datashare.backend.controller,FileController,13,33,0,0,5,16,1,3,1,3
